Portfolio,Ann.Return (CAGR),Ann.Vol,Sharpe,Sortino,p-HAC (vs BM)
Top 10,0.4791326467676702,0.2997835596587436,1.5982619170747299,3.3287478980198646,0.0012***
Top 20,0.24395609189194745,0.24304249014126952,1.0037590206969444,1.8571234008268183,0.0753*
Top 30,0.2609780276643294,0.22486445731697,1.1606015053613101,2.4054429314919994,0.0248**
Top 40,0.23833713909214405,0.20406651354762234,1.1679385066601047,2.1192171642605313,0.0427**
Top 50,0.21693735144275061,0.19126081764975553,1.1342487923481275,1.9101753287820562,0.0571*
Benchmark,0.12621447058308788,0.12770792982516666,0.9883056655595049,1.5769131424799303,—
