Portfolio,Ann.Return (CAGR),Ann.Vol,Sharpe,Sortino,p-HAC (vs BM)
Top 10,0.4791326467676704,0.2997835596587437,1.59826191707473,3.3287478980198677,0.0012***
Top 20,0.24395609189194722,0.24304249014126963,1.003759020696943,1.8571234008268167,0.0753*
Top 30,0.26097802766432987,0.2248644573169701,1.1606015053613115,2.405442931492004,0.0248**
Top 40,0.23833713909214405,0.20406651354762248,1.1679385066601038,2.119217164260532,0.0427**
Top 50,0.21693735144275106,0.19126081764975567,1.1342487923481288,1.9101753287820598,0.0571*
Benchmark,0.139249086450576,0.1233776389628807,1.1286411996623655,1.828608793926004,—
