Portfolio,Ann.Return (CAGR),Ann.Vol,Sharpe,Sortino,p-HAC (vs BM)
Top 10,0.16507932200043718,0.318506186937086,0.5182923559128383,1.2075292420269452,0.4431
Top 20,0.18248248515478038,0.24452036018442158,0.7462874871325597,1.403257046707292,0.3021
Top 30,0.20798067913723584,0.22738554853617712,0.9146609381121071,1.6614357287739339,0.1949
Top 40,0.22529331953729637,0.2151544156797723,1.0471238474260014,1.7705833904900468,0.0953*
Top 50,0.16862094685642282,0.19713810182795694,0.8553442753729001,1.3568829742918092,0.3534
Benchmark,0.139249086450576,0.1233776389628807,1.1286411996623655,1.828608793926004,—
