Portfolio,Ann.Return (CAGR),Ann.Vol,Sharpe,Sortino,p-HAC (vs BM)
Top 10,0.2316002937868098,0.32701540771421805,0.7082244087691658,1.7759683837740552,0.1316
Top 20,0.22758070876641523,0.25861666519375953,0.8799924343464421,1.4505559025167347,0.1098
Top 30,0.23057701176769507,0.22756647913571876,1.013229244673513,1.4805502487038928,0.0424**
Top 40,0.21096525255688414,0.21434668670736878,0.984224462703727,1.4498296296750406,0.0577*
Top 50,0.14081293404959472,0.19611894727627638,0.7179976030119565,1.0209098357381297,0.4305
Benchmark,0.139249086450576,0.1233776389628807,1.1286411996623655,1.828608793926004,—
