Portfolio,Ann.Return (CAGR),Ann.Vol,Sharpe,Sortino,p-HAC (vs BM)
Top 10,0.2601010993476056,0.2404991716834147,1.0815051774481546,1.6415373733641272,0.0286**
Top 20,0.1782268258169557,0.20422622152266998,0.8726931560900066,1.1570146189723478,0.1584
Top 30,0.15410952742393613,0.19112254047902943,0.8063388391430759,1.1361657125933302,0.2770
Top 40,0.1492570799254651,0.18417030011595084,0.8104296937752455,1.16606653737768,0.3266
Top 50,0.128989927624362,0.1741793193001348,0.7405582255267327,1.1108005443840043,0.5811
Benchmark,0.11442916153968152,0.12471262755791995,0.9175427042184441,1.4777878696629232,—
